at,probe_subject,template_subject,pair,score,threshold,lighting,phone_tilt,facing,luma_mean,luma_std,pose_ratio,tilt_deg,size
2026-08-16T20:17:26.306271,me,me,genuine,0.5890350025056248,0.5508,normal,level,side_on,103.101,0.665,0.7545,12.8728,0.4364
2026-08-16T20:17:26.306271,me,me,genuine,0.58576707213889,0.5508,normal,level,side_on,103.101,0.665,0.7545,12.8728,0.4364
2026-08-16T20:17:48.793001,me,me,genuine,0.5207043907978982,0.5508,normal,level,side_on,104.102,1.487,0.7647,17.9264,0.3942
2026-08-16T20:17:48.793001,me,me,genuine,0.5009493912841985,0.5508,normal,level,side_on,104.102,1.487,0.7647,17.9264,0.3942
2026-08-16T20:18:31.266338,me,me,genuine,0.7109676320938139,0.5508,normal,level,side_on,104.907,0.936,0.7436,5.8589,0.4305
2026-08-16T20:18:31.266338,me,me,genuine,0.6530483527136403,0.5508,normal,level,side_on,104.907,0.936,0.7436,5.8589,0.4305
2026-08-16T20:18:41.145304,me,me,genuine,0.7305465429601902,0.5508,normal,level,side_on,105.566,0.507,0.778,5.6881,0.352
2026-08-16T20:18:41.145304,me,me,genuine,0.5673431756170245,0.5508,normal,level,side_on,105.566,0.507,0.778,5.6881,0.352
2026-08-16T20:18:51.599332,me,me,genuine,0.7211097835892628,0.5508,normal,level,side_on,107.752,1.902,0.7338,1.2621,0.4376
2026-08-16T20:18:51.599332,me,me,genuine,0.5654748808849058,0.5508,normal,level,side_on,107.752,1.902,0.7338,1.2621,0.4376
2026-08-16T20:19:01.215991,me,me,genuine,0.7353647741037705,0.5508,normal,level,side_on,107.025,0.612,0.7081,2.3591,0.5051
2026-08-16T20:19:01.215991,me,me,genuine,0.6053655401809392,0.5508,normal,level,side_on,107.025,0.612,0.7081,2.3591,0.5051
2026-08-16T20:20:07.480721,me,me,genuine,0.49285933419651784,0.5508,mixed,up,toward_light,92.789,5.967,0.7315,1.8292,0.466
2026-08-16T20:20:07.480721,me,me,genuine,0.22633453789322128,0.5508,mixed,up,toward_light,92.789,5.967,0.7315,1.8292,0.466
2026-08-16T20:20:29.787379,me,me,genuine,0.5543384533609155,0.5508,mixed,up,toward_light,105.27,0.857,0.7367,2.2771,0.4444
2026-08-16T20:20:29.787379,me,me,genuine,0.4468061930419146,0.5508,mixed,up,toward_light,105.27,0.857,0.7367,2.2771,0.4444
2026-08-16T20:21:22.177892,me,me,genuine,0.8607009031794588,0.5508,bright,up,away_from_light,95.596,2.605,0.7424,4.1296,0.4129
2026-08-16T20:21:22.177892,me,me,genuine,0.5775551170784781,0.5508,bright,up,away_from_light,95.596,2.605,0.7424,4.1296,0.4129
2026-08-16T20:21:32.747582,me,me,genuine,0.8352384060842233,0.5508,bright,up,away_from_light,92.646,0.974,0.7721,3.0885,0.3425
2026-08-16T20:21:32.747582,me,me,genuine,0.64997978951077,0.5508,bright,up,away_from_light,92.646,0.974,0.7721,3.0885,0.3425
2026-08-16T20:25:08.962963,person 1,me,impostor,0.1410751512367339,0.5508,bright,up,side_on,103.179,1.762,0.7095,18.7045,0.3906
2026-08-16T20:25:08.962963,person 1,me,impostor,0.11810739753579748,0.5508,bright,up,side_on,103.179,1.762,0.7095,18.7045,0.3906
2026-08-16T20:33:01.667815,person 1,person 1,genuine,0.8436939454406234,0.5508,bright,up,side_on,100.381,2.281,0.7363,13.7456,0.4414
2026-08-16T20:33:01.667815,person 1,me,impostor,0.13878947901675245,0.5508,bright,up,side_on,100.381,2.281,0.7363,13.7456,0.4414
2026-08-16T20:33:01.667815,person 1,me,impostor,0.0653912810477082,0.5508,bright,up,side_on,100.381,2.281,0.7363,13.7456,0.4414
2026-08-16T20:33:09.409187,person 1,person 1,genuine,0.8621296353137512,0.5508,bright,up,side_on,98.317,0.759,0.737,15.6487,0.4236
2026-08-16T20:33:09.409187,person 1,me,impostor,0.15731109758989126,0.5508,bright,up,side_on,98.317,0.759,0.737,15.6487,0.4236
2026-08-16T20:33:09.409187,person 1,me,impostor,0.10171215539402875,0.5508,bright,up,side_on,98.317,0.759,0.737,15.6487,0.4236
2026-08-16T20:33:43.104383,person 1,person 1,genuine,0.4495476455763613,0.5508,normal,up,toward_light,84.101,0.926,0.6903,14.3094,0.4001
2026-08-16T20:33:43.104383,person 1,me,impostor,0.030721013573461697,0.5508,normal,up,toward_light,84.101,0.926,0.6903,14.3094,0.4001
2026-08-16T20:33:43.104383,person 1,me,impostor,-0.2271583834716295,0.5508,normal,up,toward_light,84.101,0.926,0.6903,14.3094,0.4001
2026-08-16T20:34:35.409154,person 1,person 1,genuine,0.45687755297730026,0.5508,normal,up,away_from_light,110.661,5.622,0.6681,14.8586,0.3814
2026-08-16T20:34:35.409154,person 1,me,impostor,0.21157612195092476,0.5508,normal,up,away_from_light,110.661,5.622,0.6681,14.8586,0.3814
2026-08-16T20:34:35.409154,person 1,me,impostor,0.11157500883573895,0.5508,normal,up,away_from_light,110.661,5.622,0.6681,14.8586,0.3814
2026-08-16T20:34:47.338830,person 1,person 1,genuine,0.5080500414395092,0.5508,normal,up,away_from_light,107.775,2.615,0.6757,23.295,0.3613
2026-08-16T20:34:47.338830,person 1,me,impostor,0.20945480604533848,0.5508,normal,up,away_from_light,107.775,2.615,0.6757,23.295,0.3613
2026-08-16T20:34:47.338830,person 1,me,impostor,-0.024230066957932915,0.5508,normal,up,away_from_light,107.775,2.615,0.6757,23.295,0.3613
2026-08-16T20:34:55.869416,person 1,person 1,genuine,0.578326453871281,0.5508,normal,up,away_from_light,112.214,5.925,0.7257,60.5013,0.3393
2026-08-16T20:34:55.869416,person 1,me,impostor,0.24490662561035248,0.5508,normal,up,away_from_light,112.214,5.925,0.7257,60.5013,0.3393
2026-08-16T20:34:55.869416,person 1,me,impostor,0.011851053386464423,0.5508,normal,up,away_from_light,112.214,5.925,0.7257,60.5013,0.3393
2026-08-16T21:31:59.979053,me,me,genuine,0.7328429290141283,0.5508,normal,level,side_on,94.9,2.452,0.7696,6.4478,0.3392
2026-08-16T21:31:59.979053,me,me,genuine,0.690738365929106,0.5508,normal,level,side_on,94.9,2.452,0.7696,6.4478,0.3392
2026-08-16T21:31:59.979053,me,person 1,impostor,0.002817764711952259,0.5508,normal,level,side_on,94.9,2.452,0.7696,6.4478,0.3392
2026-08-16T21:33:24.049579,me,me,genuine,0.4617952688015934,0.5508,normal,up,side_on,96.851,1.915,0.7814,10.3319,0.3553
2026-08-16T21:33:24.049579,me,me,genuine,0.4323175600603254,0.5508,normal,up,side_on,96.851,1.915,0.7814,10.3319,0.3553
2026-08-16T21:33:24.049579,me,person 1,impostor,0.15204597938278555,0.5508,normal,up,side_on,96.851,1.915,0.7814,10.3319,0.3553
2026-08-16T21:34:18.771477,me,me,genuine,0.7732855512097413,0.5508,normal,up,side_on,105.508,5.192,0.7327,4.631,0.4092
2026-08-16T21:34:18.771477,me,person 1,impostor,0.14784084591343358,0.5508,normal,up,side_on,105.508,5.192,0.7327,4.631,0.4092
2026-08-16T21:34:37.230450,me,me,genuine,0.8555420012340242,0.5508,normal,up,side_on,100.89,2.118,0.7439,6.7626,0.378
2026-08-16T21:34:37.230450,me,person 1,impostor,0.11482195679674861,0.5508,normal,up,side_on,100.89,2.118,0.7439,6.7626,0.378
2026-08-16T21:34:48.163434,me,me,genuine,0.4551209810409607,0.5508,normal,up,side_on,93.659,3.302,0.7238,2.9539,0.4142
2026-08-16T21:34:48.163434,me,person 1,impostor,-0.04509619341721237,0.5508,normal,up,side_on,93.659,3.302,0.7238,2.9539,0.4142
2026-08-16T21:35:30.936218,me,me,genuine,0.655772005085818,0.5508,normal,up,side_on,98.003,5.342,0.7427,8.369,0.4083
2026-08-16T21:35:30.936218,me,person 1,impostor,0.058562177637684884,0.5508,normal,up,side_on,98.003,5.342,0.7427,8.369,0.4083
2026-08-16T21:36:01.214967,me,me,genuine,0.3680429884867294,0.5508,normal,up,side_on,66.247,1.924,0.749,9.6906,0.4897
2026-08-16T21:36:01.214967,me,person 1,impostor,0.046577056347828334,0.5508,normal,up,side_on,66.247,1.924,0.749,9.6906,0.4897
2026-08-16T21:36:22.828256,me,me,genuine,0.4624370233000337,0.5508,dim,down,toward_light,72.777,2.547,0.7843,15.4917,0.4658
2026-08-16T21:36:22.828256,me,person 1,impostor,0.10169522414425189,0.5508,dim,down,toward_light,72.777,2.547,0.7843,15.4917,0.4658
2026-08-16T21:36:50.770675,me,me,genuine,0.7203073097742381,0.5508,dim,down,toward_light,98.55,4.287,0.7323,11.8513,0.3764
2026-08-16T21:36:50.770675,me,person 1,impostor,0.1379857046690431,0.5508,dim,down,toward_light,98.55,4.287,0.7323,11.8513,0.3764
2026-08-16T21:37:03.465829,me,me,genuine,0.6200605680050925,0.5508,dim,down,toward_light,103.313,0.313,0.7414,5.0128,0.5081
2026-08-16T21:37:03.465829,me,person 1,impostor,0.11041066819567803,0.5508,dim,down,toward_light,103.313,0.313,0.7414,5.0128,0.5081
2026-08-16T21:37:15.070638,me,me,genuine,0.6638447318239734,0.5508,dim,down,toward_light,92.099,1.412,0.7277,4.8314,0.5102
2026-08-16T21:37:15.070638,me,person 1,impostor,0.06157806669042694,0.5508,dim,down,toward_light,92.099,1.412,0.7277,4.8314,0.5102
2026-08-16T21:37:34.123717,me,me,genuine,0.37055887110139973,0.5508,dim,down,toward_light,79.06,1.921,0.7589,7.375,0.4906
2026-08-16T21:37:34.123717,me,person 1,impostor,0.09297002383696072,0.5508,dim,down,toward_light,79.06,1.921,0.7589,7.375,0.4906
2026-08-16T21:38:09.219275,me,me,genuine,0.49932635083718196,0.5508,bright,up,toward_light,97.8,2.923,0.7467,1.4614,0.5368
2026-08-16T21:38:09.219275,me,person 1,impostor,0.031700615434189734,0.5508,bright,up,toward_light,97.8,2.923,0.7467,1.4614,0.5368